{
    "Dgen": 6447.071820000001,
    "genDEOTR": 6618.750490000001,
    "Perd": 171.67866999999933,
    "rTerciariaUP": 273,
    "rTerciariaDOWN": "-",
    "rSecundariaUP": 546,
    "rSecundariaDOWN": 546
}
